Index,min,max,avg,std
Internal Density,0.225,0.225,0.225,0.0
Edges inside,9.0,9.0,9.0,0.0
Average Degree,3.6,3.6,3.6,0.0
FOMD,1.0,1.0,1.0,0.0
TPR,1.0,1.0,1.0,0.0
Expansion,4.2,4.2,4.2,0.0
Cut Ratio,0.004242424242424243,0.004242424242424243,0.004242424242424243,0.0
Conductance,0.5384615384615384,0.5384615384615384,0.5384615384615384,0.0
Normalized Cut,0.5703280028014474,0.5703280028014474,0.5703280028014474,0.0
Maximum-ODF,8.0,8.0,8.0,0.0
Average-ODF,4.2,4.2,4.2,0.0
Flake-ODF,0.4,0.4,0.4,0.0
