Index,min,max,avg,std
Internal Density,0.225,0.225,0.225,0.0
Edges inside,9.0,9.0,9.0,0.0
Average Degree,3.6,3.6,3.6,0.0
FOMD,1.0,1.0,1.0,0.0
TPR,1.0,1.0,1.0,0.0
Expansion,7.0,7.0,7.0,0.0
Cut Ratio,0.00708502024291498,0.00708502024291498,0.00708502024291498,0.0
Conductance,0.660377358490566,0.660377358490566,0.660377358490566,0.0
Normalized Cut,0.705422403535611,0.705422403535611,0.705422403535611,0.0
Maximum-ODF,22.0,22.0,22.0,0.0
Average-ODF,7.0,7.0,7.0,0.0
Flake-ODF,0.4,0.4,0.4,0.0
