Index,min,max,avg,std
Internal Density,0.25,0.25,0.25,0.0
Edges inside,10.0,10.0,10.0,0.0
Average Degree,4.0,4.0,4.0,0.0
FOMD,1.0,1.0,1.0,0.0
TPR,1.0,1.0,1.0,0.0
Expansion,3.2,3.2,3.2,0.0
Cut Ratio,0.003258655804480652,0.003258655804480652,0.003258655804480652,0.0
Conductance,0.4444444444444444,0.4444444444444444,0.4444444444444444,0.0
Normalized Cut,0.4676328502415459,0.4676328502415459,0.4676328502415459,0.0
Maximum-ODF,6.0,6.0,6.0,0.0
Average-ODF,3.2,3.2,3.2,0.0
Flake-ODF,0.2,0.2,0.2,0.0
