Index,min,max,avg,std
Internal Density,0.25,0.25,0.25,0.0
Edges inside,10.0,10.0,10.0,0.0
Average Degree,4.0,4.0,4.0,0.0
FOMD,1.0,1.0,1.0,0.0
TPR,1.0,1.0,1.0,0.0
Expansion,9.0,9.0,9.0,0.0
Cut Ratio,0.009146341463414634,0.009146341463414634,0.009146341463414634,0.0
Conductance,0.6923076923076923,0.6923076923076923,0.6923076923076923,0.0
Normalized Cut,0.7431551499348109,0.7431551499348109,0.7431551499348109,0.0
Maximum-ODF,24.0,24.0,24.0,0.0
Average-ODF,9.0,9.0,9.0,0.0
Flake-ODF,0.6,0.6,0.6,0.0
