,F1 min,F1 max,F1 mean,F1 mode,F1 std
0,0.11,1.0,0.39999999999999997,0.17,0.3259272486745645
