,F1 min,F1 max,F1 mean,F1 mode,F1 std
0,0.0,1.0,0.9286004691164973,1.0,0.24964023345775668
