,F1 min,F1 max,F1 mean,F1 mode,F1 std
0,0.04,1.0,0.957048951048951,1.0,0.17991634919787003
