,F1 min,F1 max,F1 mean,F1 mode,F1 std
0,0.05,0.71,0.24085106382978724,0.07,0.1823117482849036
