,F1 min,F1 max,F1 mean,F1 mode,F1 std
0,0.15,0.76,0.3684615384615385,0.18,0.1916264857976882
