,F1 min,F1 max,F1 mean,F1 mode,F1 std
0,0.04,1.0,0.9400644329896908,1.0,0.22570535709088488
