,F1 min,F1 max,F1 mean,F1 mode,F1 std
0,0.03,1.0,0.9544517833553501,1.0,0.19895399350725976
