,F1 min,F1 max,F1 mean,F1 mode,F1 std
0,0.02,1.0,0.9525759577278732,1.0,0.20643567862353424
