,F1 min,F1 max,F1 mean,F1 mode,F1 std
0,0.04,1.0,0.9577146631439895,1.0,0.18860310512957265
