,F1 min,F1 max,F1 mean,F1 mode,F1 std
0,0.11,1.0,0.9687450462351386,1.0,0.1468358828015217
