,F1 min,F1 max,F1 mean,F1 mode,F1 std
0,0.02,1.0,0.9608879781420764,1.0,0.18602809446956572
