,F1 min,F1 max,F1 mean,F1 mode,F1 std
0,0.01,1.0,0.9264319248826292,1.0,0.25594852520907735
