,F1 min,F1 max,F1 mean,F1 mode,F1 std
0,0.04,1.0,0.959128137384412,1.0,0.18448337150053132
