,F1 min,F1 max,F1 mean,F1 mode,F1 std
0,0.03,1.0,0.9355590304925723,1.0,0.2276901988583081
