,F1 min,F1 max,F1 mean,F1 mode,F1 std
0,0.11,1.0,0.9498457583547558,1.0,0.186992093542912
