,F1 min,F1 max,F1 mean,F1 mode,F1 std
0,0.05,0.84,0.24837837837837837,0.12,0.21207486584151045
