,F1 min,F1 max,F1 mean,F1 mode,F1 std
0,0.02,1.0,0.9610095497953615,1.0,0.18315878101516833
