,F1 min,F1 max,F1 mean,F1 mode,F1 std
0,0.02,1.0,0.9627285129604365,1.0,0.17657319756501672
