,F1 min,F1 max,F1 mean,F1 mode,F1 std
0,0.04,1.0,0.9512885154061625,1.0,0.19754804601501533
