,F1 min,F1 max,F1 mean,F1 mode,F1 std
0,0.04,1.0,0.9419974226804124,1.0,0.2195849059502781
