,F1 min,F1 max,F1 mean,F1 mode,F1 std
0,0.01,1.0,0.9445938375350139,1.0,0.2203356626144009
