,F1 min,F1 max,F1 mean,F1 mode,F1 std
0,0.06,0.69,0.3830769230769231,0.69,0.23189469146359104
