,F1 min,F1 max,F1 mean,F1 mode,F1 std
0,0.01,1.0,0.9282550860719875,1.0,0.25163286599795487
