,F1 min,F1 max,F1 mean,F1 mode,F1 std
0,0.06,0.52,0.21600000000000003,0.06,0.1748828179095934
