Index,Value
Ground Truth Communities,39.0
Identified Communities,1278.0
Community Ratio,32.76923076923077
Ground Truth Matched,0.5128205128205128
Node Coverage,10.238341968911918
NF1,0.0019933259369879085
