Index,Value
Ground Truth Communities,7.0
Identified Communities,676.0
Community Ratio,96.57142857142857
Ground Truth Matched,0.5714285714285714
Node Coverage,29.147058823529413
NF1,0.0012781065088757397
