Index,Value
Ground Truth Communities,9.0
Identified Communities,714.0
Community Ratio,79.33333333333333
Ground Truth Matched,0.8888888888888888
Node Coverage,14.17142857142857
NF1,0.0038152696976226385
