,F1 min,F1 max,F1 mean,F1 mode,F1 std
0,0.01,1.0,0.9537426035502958,1.0,0.2057107437117192
