,F1 min,F1 max,F1 mean,F1 mode,F1 std
0,0.03,1.0,0.9442728442728443,1.0,0.20898915305953872
