,F1 min,F1 max,F1 mean,F1 mode,F1 std
0,0.04,0.84,0.2636363636363636,0.07,0.23224618836704145
