,F1 min,F1 max,F1 mean,F1 mode,F1 std
0,0.07,0.69,0.3633333333333333,0.53,0.2259990167136918
