Index,Value
Ground Truth Communities,13.0
Identified Communities,732.0
Community Ratio,56.30769230769231
Ground Truth Matched,0.5384615384615384
Node Coverage,14.761194029850746
NF1,0.001516159917799262
