,F1 min,F1 max,F1 mean,F1 mode,F1 std
0,0.04,1.0,0.9650739644970414,1.0,0.16021479804157196
