,F1 min,F1 max,F1 mean,F1 mode,F1 std
0,0.06,1.0,0.9699316939890711,1.0,0.1481400929443733
