,F1 min,F1 max,F1 mean,F1 mode,F1 std
0,0.04,1.0,0.9646930422919509,1.0,0.16731674194294088
