,F1 min,F1 max,F1 mean,F1 mode,F1 std
0,0.01,1.0,0.9579615952732643,1.0,0.18913933576348765
