,F1 min,F1 max,F1 mean,F1 mode,F1 std
0,0.04,1.0,0.9499859943977591,1.0,0.2006358933705657
