,F1 min,F1 max,F1 mean,F1 mode,F1 std
0,0.01,1.0,0.9273239436619718,1.0,0.2537417141540161
