Index,Value
Ground Truth Communities,13.0
Identified Communities,714.0
Community Ratio,54.92307692307692
Ground Truth Matched,0.6923076923076923
Node Coverage,14.17142857142857
NF1,0.003170652876535229
