,F1 min,F1 max,F1 mean,F1 mode,F1 std
0,0.08,0.53,0.29444444444444445,0.08,0.15607057599483007
