,F1 min,F1 max,F1 mean,F1 mode,F1 std
0,0.03,1.0,0.9636152796725785,1.0,0.17252051505772079
