,F1 min,F1 max,F1 mean,F1 mode,F1 std
0,0.52,1.0,0.763333333333,0.52,0.196015872373
