,F1 min,F1 max,F1 mean,F1 mode,F1 std
0,0.06,0.69,0.37666666666666665,0.06,0.23149274046692886
