,F1 min,F1 max,F1 mean,F1 mode,F1 std
0,0.05,1.0,0.9455984555984556,1.0,0.20374848450896457
