,F1 min,F1 max,F1 mean,F1 mode,F1 std
0,0.03,0.84,0.2359375,0.04,0.2405704077681833
