,F1 min,F1 max,F1 mean,F1 mode,F1 std
0,0.01,1.0,0.9561299852289513,1.0,0.19671925335367993
