Index,Value
Ground Truth Communities,21.0
Identified Communities,1278.0
Community Ratio,60.857142857142854
Ground Truth Matched,0.7619047619047619
Node Coverage,10.238341968911918
NF1,0.002514751810526458
