,F1 min,F1 max,F1 mean,F1 mode,F1 std
0,0.04,1.0,0.9483613445378151,1.0,0.20637590045174325
