Index,Value
Ground Truth Communities,89.0
Identified Communities,1278.0
Community Ratio,14.359550561797754
Ground Truth Matched,0.3146067415730337
Node Coverage,10.238341968911918
NF1,0.0016601363967800214
