,F1 min,F1 max,F1 mean,F1 mode,F1 std
0,0.03,1.0,0.9422393822393822,1.0,0.21632684015050593
