,F1 min,F1 max,F1 mean,F1 mode,F1 std
0,0.22,0.49,0.3833333333333333,0.22,0.11728408057172787
