,F1 min,F1 max,F1 mean,F1 mode,F1 std
0,0.08,0.69,0.38666666666666666,0.08,0.24184476196289406
