,F1 min,F1 max,F1 mean,F1 mode,F1 std
0,0.1,1.0,0.9902735978112175,1.0,0.08249151413836221
