Index,Value
Ground Truth Communities,89.0
Identified Communities,1193.0
Community Ratio,13.404494382022472
Ground Truth Matched,0.15730337078651685
Node Coverage,10.238341968911918
NF1,0.0004639548426997687
