,F1 min,F1 max,F1 mean,F1 mode,F1 std
0,0.06,0.69,0.3788888888888889,0.06,0.2530895513205836
