,F1 min,F1 max,F1 mean,F1 mode,F1 std
0,0.05,1.0,0.9856030534351145,1.0,0.10972510268218236
