,F1 min,F1 max,F1 mean,F1 mode,F1 std
0,0.13,1.0,0.990942334739803,1.0,0.08119422145301924
