,F1 min,F1 max,F1 mean,F1 mode,F1 std
0,0.07,1.0,0.9926354319180088,1.0,0.06391860012159618
