,F1 min,F1 max,F1 mean,F1 mode,F1 std
0,0.01,0.74,0.2692307692307692,0.01,0.21631392922401316
