,F1 min,F1 max,F1 mean,F1 mode,F1 std
0,0.06,1.0,0.9906202849958088,1.0,0.08973436158390496
