,F1 min,F1 max,F1 mean,F1 mode,F1 std
0,0.08,0.69,0.38111111111111107,0.09,0.24794463738882627
