,F1 min,F1 max,F1 mean,F1 mode,F1 std
0,0.02,0.41,0.17400000000000002,0.02,0.1457532160880164
