,F1 min,F1 max,F1 mean,F1 mode,F1 std
0,0.05,0.62,0.25133333333333335,0.12,0.15129955570177844
