,F1 min,F1 max,F1 mean,F1 mode,F1 std
0,0.05,0.74,0.3178571428571429,0.05,0.20664595573203984
