Index,Value
Ground Truth Communities,11.0
Identified Communities,711.0
Community Ratio,64.63636363636364
Ground Truth Matched,0.6363636363636364
Node Coverage,14.761194029850746
NF1,0.0019234113284746196
