,F1 min,F1 max,F1 mean,F1 mode,F1 std
0,0.03,0.74,0.29857142857142854,0.16,0.21573320636038074
