,F1 min,F1 max,F1 mean,F1 mode,F1 std
0,0.1,1.0,0.9889466484268126,1.0,0.08940821489637146
