,F1 min,F1 max,F1 mean,F1 mode,F1 std
0,0.11,1.0,0.9905306122448979,1.0,0.0821405222129801
