,F1 min,F1 max,F1 mean,F1 mode,F1 std
0,0.05,1.0,0.984381679389313,1.0,0.11516549379942391
