,F1 min,F1 max,F1 mean,F1 mode,F1 std
0,0.09,0.61,0.27222222222222225,0.11,0.17649537468146473
