,F1 min,F1 max,F1 mean,F1 mode,F1 std
0,0.06,1.0,0.9885648854961832,1.0,0.09275471216907011
