Index,Value
Ground Truth Communities,11.0
Identified Communities,1193.0
Community Ratio,108.45454545454545
Ground Truth Matched,0.9090909090909091
Node Coverage,10.238341968911918
NF1,0.0022751766255538256
