,F1 min,F1 max,F1 mean,F1 mode,F1 std
0,0.14,1.0,0.9928270042194093,1.0,0.0702719023173627
