,F1 min,F1 max,F1 mean,F1 mode,F1 std
0,0.04,1.0,0.9860191518467852,1.0,0.10828798137793749
