,F1 min,F1 max,F1 mean,F1 mode,F1 std
0,0.14,1.0,0.9919549929676511,1.0,0.07515743026859029
