,F1 min,F1 max,F1 mean,F1 mode,F1 std
0,0.12,1.0,0.9914421768707483,1.0,0.07549628357314332
