,F1 min,F1 max,F1 mean,F1 mode,F1 std
0,0.08,1.0,0.9878932968536251,1.0,0.09460664967644802
