,F1 min,F1 max,F1 mean,F1 mode,F1 std
0,0.05,1.0,0.9870534351145038,1.0,0.10338258546171888
