,F1 min,F1 max,F1 mean,F1 mode,F1 std
0,0.11,1.0,0.9898874824191279,1.0,0.08792010660651618
