Index,Value
Ground Truth Communities,13.0
Identified Communities,711.0
Community Ratio,54.69230769230769
Ground Truth Matched,0.6153846153846154
Node Coverage,14.761194029850746
NF1,0.00200800605863897
