,F1 min,F1 max,F1 mean,F1 mode,F1 std
0,0.09,1.0,0.9917351215423301,1.0,0.08139556171703506
