,F1 min,F1 max,F1 mean,F1 mode,F1 std
0,0.12,1.0,0.992734693877551,1.0,0.06702424442358562
