,F1 min,F1 max,F1 mean,F1 mode,F1 std
0,0.22,1.0,0.9939319727891156,1.0,0.0565340978157076
