,F1 min,F1 max,F1 mean,F1 mode,F1 std
0,0.05,1.0,0.9914202049780381,1.0,0.07065187374581089
