,F1 min,F1 max,F1 mean,F1 mode,F1 std
0,0.05,0.74,0.3007692307692308,0.05,0.19597729611288137
