,F1 min,F1 max,F1 mean,F1 mode,F1 std
0,0.02,1.0,0.9865300146412884,1.0,0.10568244468104719
