,F1 min,F1 max,F1 mean,F1 mode,F1 std
0,0.09,1.0,0.9933025984911986,1.0,0.06922386005774876
