,F1 min,F1 max,F1 mean,F1 mode,F1 std
0,0.22,1.0,0.9947891156462586,1.0,0.05245461028388492
