Index,Value
Ground Truth Communities,21.0
Identified Communities,1193.0
Community Ratio,56.80952380952381
Ground Truth Matched,0.6190476190476191
Node Coverage,10.238341968911918
NF1,0.002144168648180144
