,F1 min,F1 max,F1 mean,F1 mode,F1 std
0,0.1,1.0,0.991532147742818,1.0,0.07602544748677932
