,F1 min,F1 max,F1 mean,F1 mode,F1 std
0,0.05,1.0,0.9899853587115668,1.0,0.08046078729555939
