,F1 min,F1 max,F1 mean,F1 mode,F1 std
0,0.1,1.0,0.9923889354568316,1.0,0.07697492833760923
