,F1 min,F1 max,F1 mean,F1 mode,F1 std
0,0.05,1.0,0.9883544303797469,1.0,0.0985790371181117
