Index,Value
Ground Truth Communities,9.0
Identified Communities,683.0
Community Ratio,75.88888888888889
Ground Truth Matched,0.7777777777777778
Node Coverage,14.17142857142857
NF1,0.0030379769716031304
