{
    "g_ba": {
        "density": 0.00231, 
        "L": 4989628, 
        "k_min": 76, 
        "k_max": 3640, 
        "k_avg": 151, 
        "N": 65729
    }, 
    "g": {
        "k_in_min": 0, 
        "density": 0.00058, 
        "k_in_max": 19064, 
        "L": 2501757, 
        "k_out_min": 0, 
        "N": 65729, 
        "k_out_max": 4130, 
        "k_max": 19073, 
        "k_avg": 38, 
        "k_min": 1
    }, 
    "g_er": {
        "k_in_min": 36, 
        "density": 0.001, 
        "k_in_max": 109, 
        "L": 4318406, 
        "k_out_min": 35, 
        "N": 65729, 
        "k_out_max": 103, 
        "k_max": 183, 
        "k_avg": 65, 
        "k_min": 84
    }
}