Index,Value
Ground Truth Communities,89.0
Identified Communities,1182.0
Community Ratio,13.280898876404494
Ground Truth Matched,0.033707865168539325
Node Coverage,10.238341968911918
NF1,2.0532709747333597e-05
