Index,Value
Ground Truth Communities,9.0
Identified Communities,676.0
Community Ratio,75.11111111111111
Ground Truth Matched,0.5555555555555556
Node Coverage,14.17142857142857
NF1,0.001208086785009862
