Index,Value
Ground Truth Communities,6.0
Identified Communities,676.0
Community Ratio,112.66666666666667
Ground Truth Matched,0.8333333333333334
Node Coverage,14.17142857142857
NF1,0.001812130177514793
