,F1 min,F1 max,F1 mean,F1 mode,F1 std
0,0.14,0.47,0.35250000000000004,0.14,0.13292385038058444
