,F1 min,F1 max,F1 mean,F1 mode,F1 std
0,0.15,0.47,0.35500000000000004,0.15,0.12893796958227627
