Index,Value
Ground Truth Communities,39.0
Identified Communities,1185.0
Community Ratio,30.384615384615383
Ground Truth Matched,0.1282051282051282
Node Coverage,10.238341968911918
NF1,0.00017418587038840202
