Index,Value
Ground Truth Communities,39.0
Identified Communities,1182.0
Community Ratio,30.307692307692307
Ground Truth Matched,0.07692307692307693
Node Coverage,10.238341968911918
NF1,5.271378367825069e-05
