Index,Value
Ground Truth Communities,9.0
Identified Communities,674.0
Community Ratio,74.88888888888889
Ground Truth Matched,0.3333333333333333
Node Coverage,14.17142857142857
NF1,0.00044510385756676556
