Index,Value
Ground Truth Communities,21.0
Identified Communities,1184.0
Community Ratio,56.38095238095238
Ground Truth Matched,0.19047619047619047
Node Coverage,10.238341968911918
NF1,0.00022683397683397684
