,F1 min,F1 max,F1 mean,F1 mode,F1 std
0,0.03,0.58,0.18625,0.03,0.18701186459687524
