Index,Value
Ground Truth Communities,13.0
Identified Communities,704.0
Community Ratio,54.15384615384615
Ground Truth Matched,0.23076923076923078
Node Coverage,14.761194029850746
NF1,0.00020323426573426575
