Index,Value
Ground Truth Communities,89.0
Identified Communities,1181.0
Community Ratio,13.269662921348315
Ground Truth Matched,0.02247191011235955
Node Coverage,10.238341968911918
NF1,6.659753208573957e-06
