Index,Value
Ground Truth Communities,21.0
Identified Communities,1181.0
Community Ratio,56.23809523809524
Ground Truth Matched,0.09523809523809523
Node Coverage,10.238341968911918
NF1,3.7095278416192895e-05
