,F1 min,F1 max,F1 mean,F1 mode,F1 std
0,0.09,0.4,0.25333333333333335,0.09,0.12710450643291746
