Index,Value
Ground Truth Communities,3.0
Identified Communities,727.0
Community Ratio,242.33333333333334
Ground Truth Matched,0.6666666666666666
Node Coverage,45.22727272727273
NF1,0.0002842732691425951
