Index,Value
Ground Truth Communities,9.0
Identified Communities,673.0
Community Ratio,74.77777777777777
Ground Truth Matched,0.2222222222222222
Node Coverage,14.17142857142857
NF1,0.00018491002146277035
