,F1 min,F1 max,F1 mean,F1 mode,F1 std
0,0.11,0.39,0.2866666666666667,0.11,0.12552113589175154
