,F1 min,F1 max,F1 mean,F1 mode,F1 std
0,0.16,0.61,0.35333333333333333,0.16,0.15659572862061794
