Index,Value
Ground Truth Communities,89.0
Identified Communities,1185.0
Community Ratio,13.314606741573034
Ground Truth Matched,0.056179775280898875
Node Coverage,10.238341968911918
NF1,6.115773005262409e-05
