Index,Value
Ground Truth Communities,11.0
Identified Communities,703.0
Community Ratio,63.90909090909091
Ground Truth Matched,0.18181818181818182
Node Coverage,14.761194029850746
NF1,0.00012155696366222681
