Index,Value
Ground Truth Communities,11.0
Identified Communities,1185.0
Community Ratio,107.72727272727273
Ground Truth Matched,0.45454545454545453
Node Coverage,10.238341968911918
NF1,0.0007249712313003452
