Index,Value
Ground Truth Communities,13.0
Identified Communities,674.0
Community Ratio,51.84615384615385
Ground Truth Matched,0.23076923076923078
Node Coverage,14.17142857142857
NF1,0.00029445332115955264
