Index,Value
Ground Truth Communities,3.0
Identified Communities,728.0
Community Ratio,242.66666666666666
Ground Truth Matched,0.6666666666666666
Node Coverage,45.22727272727273
NF1,0.0003021978021978022
