,F1 min,F1 max,F1 mean,F1 mode,F1 std
0,0.12,0.46,0.3066666666666667,0.12,0.1407914138796192
