,F1 min,F1 max,F1 mean,F1 mode,F1 std
0,0.07,0.28,0.17500000000000002,0.07,0.10500000000000001
