,F1 min,F1 max,F1 mean,F1 mode,F1 std
0,0.16,0.62,0.36166666666666664,0.16,0.1647641411904369
