,F1 min,F1 max,F1 mean,F1 mode,F1 std
0,0.07,0.4,0.24666666666666667,0.07,0.1357284871433489
