Index,Value
Ground Truth Communities,11.0
Identified Communities,702.0
Community Ratio,63.81818181818182
Ground Truth Matched,0.09090909090909091
Node Coverage,14.761194029850746
NF1,1.6835016835016837e-05
