Index,Value
Ground Truth Communities,7.0
Identified Communities,648.0
Community Ratio,92.57142857142857
Ground Truth Matched,0.5714285714285714
Node Coverage,29.147058823529413
NF1,0.0009171075837742505
