Index,Value
Ground Truth Communities,13.0
Identified Communities,706.0
Community Ratio,54.30769230769231
Ground Truth Matched,0.38461538461538464
Node Coverage,14.761194029850746
NF1,0.0005810997312413745
