,F1 min,F1 max,F1 mean,F1 mode,F1 std
0,0.18,0.36,0.24666666666666667,0.18,0.08055363982396381
