Index,Value
Ground Truth Communities,13.0
Identified Communities,703.0
Community Ratio,54.07692307692308
Ground Truth Matched,0.15384615384615385
Node Coverage,14.761194029850746
NF1,8.75369296421928e-05
