Index,Value
Ground Truth Communities,21.0
Identified Communities,1183.0
Community Ratio,56.333333333333336
Ground Truth Matched,0.19047619047619047
Node Coverage,10.238341968911918
NF1,0.00022702572153121604
