,F1 min,F1 max,F1 mean,F1 mode,F1 std
0,0.15,0.55,0.28750000000000003,0.15,0.1549798373982887
