Index,Value
Ground Truth Communities,7.0
Identified Communities,647.0
Community Ratio,92.42857142857143
Ground Truth Matched,0.42857142857142855
Node Coverage,29.147058823529413
NF1,0.0005034223890483551
