Index,Value
Ground Truth Communities,11.0
Identified Communities,1181.0
Community Ratio,107.36363636363636
Ground Truth Matched,0.18181818181818182
Node Coverage,10.238341968911918
NF1,7.697636825494573e-05
