,F1 min,F1 max,F1 mean,F1 mode,F1 std
0,0.18,0.2,0.19333333333333336,0.2,0.009428090415820642
