Index,Value
Ground Truth Communities,11.0
Identified Communities,706.0
Community Ratio,64.18181818181819
Ground Truth Matched,0.36363636363636365
Node Coverage,14.761194029850746
NF1,0.00046355910378573266
