,F1 min,F1 max,F1 mean,F1 mode,F1 std
0,0.17,0.31,0.22999999999999998,0.17,0.05887840577551898
