Index,Value
Ground Truth Communities,39.0
Identified Communities,1183.0
Community Ratio,30.333333333333332
Ground Truth Matched,0.10256410256410256
Node Coverage,10.238341968911918
NF1,0.00011184082189999351
