,F1 min,F1 max,F1 mean,F1 mode,F1 std
0,0.17,0.24,0.20666666666666667,0.17,0.028674417556808746
