Index,Value
Ground Truth Communities,7.0
Identified Communities,645.0
Community Ratio,92.14285714285714
Ground Truth Matched,0.2857142857142857
Node Coverage,29.147058823529413
NF1,0.00020819490586932446
