,F1 min,F1 max,F1 mean,F1 mode,F1 std
0,0.31,0.46,0.40199999999999997,0.45,0.06368673331236263
