,F1 min,F1 max,F1 mean,F1 mode,F1 std
0,0.17,0.46,0.3233333333333333,0.17,0.11897712198383165
