,F1 min,F1 max,F1 mean,F1 mode,F1 std
0,0.15,0.45,0.26333333333333336,0.15,0.13299958228840003
