Index,Value
Ground Truth Communities,13.0
Identified Communities,675.0
Community Ratio,51.92307692307692
Ground Truth Matched,0.3076923076923077
Node Coverage,14.17142857142857
NF1,0.0005105413105413106
