,F1 min,F1 max,F1 mean,F1 mode,F1 std
0,0.34,0.46,0.3866666666666667,0.34,0.05249338582674541
