Index,Value
Ground Truth Communities,21.0
Identified Communities,1185.0
Community Ratio,56.42857142857143
Ground Truth Matched,0.23809523809523808
Node Coverage,10.238341968911918
NF1,0.0003636728953184649
