Index,Value
Ground Truth Communities,13.0
Identified Communities,673.0
Community Ratio,51.76923076923077
Ground Truth Matched,0.15384615384615385
Node Coverage,14.17142857142857
NF1,0.00012344267916333297
