Index,Value
Ground Truth Communities,6.0
Identified Communities,673.0
Community Ratio,112.16666666666667
Ground Truth Matched,0.3333333333333333
Node Coverage,14.17142857142857
NF1,0.00027736503219415556
