,F1 min,F1 max,F1 mean,F1 mode,F1 std
0,0.18,0.4,0.31333333333333335,0.18,0.09568466729604884
