,F1 min,F1 max,F1 mean,F1 mode,F1 std
0,0.04,0.55,0.21333333333333335,0.04,0.17045690234060795
