,F1 min,F1 max,F1 mean,F1 mode,F1 std
0,0.17,0.47,0.36200000000000004,0.17,0.10833282051160673
