Index,Value
Ground Truth Communities,11.0
Identified Communities,1182.0
Community Ratio,107.45454545454545
Ground Truth Matched,0.2727272727272727
Node Coverage,10.238341968911918
NF1,0.00022381172127365016
