Index,Value
Ground Truth Communities,89.0
Identified Communities,1183.0
Community Ratio,13.292134831460674
Ground Truth Matched,0.0449438202247191
Node Coverage,10.238341968911918
NF1,3.875122284802492e-05
