Index,Value
Ground Truth Communities,11.0
Identified Communities,1184.0
Community Ratio,107.63636363636364
Ground Truth Matched,0.36363636363636365
Node Coverage,10.238341968911918
NF1,0.0004391891891891892
