Index,Value
Ground Truth Communities,13.0
Identified Communities,677.0
Community Ratio,52.07692307692308
Ground Truth Matched,0.46153846153846156
Node Coverage,14.17142857142857
NF1,0.0014452903079195548
