Index,Value
Ground Truth Communities,89.0
Identified Communities,1184.0
Community Ratio,13.303370786516854
Ground Truth Matched,0.0449438202247191
Node Coverage,10.238341968911918
NF1,3.871849377467355e-05
