Index,Value
Ground Truth Communities,9.0
Identified Communities,677.0
Community Ratio,75.22222222222223
Ground Truth Matched,0.6666666666666666
Node Coverage,14.17142857142857
NF1,0.002127031019202364
