,F1 min,F1 max,F1 mean,F1 mode,F1 std
0,0.02,0.64,0.22333333333333336,0.02,0.2415689457599125
