Index,Value
Ground Truth Communities,13.0
Identified Communities,705.0
Community Ratio,54.23076923076923
Ground Truth Matched,0.3076923076923077
Node Coverage,14.761194029850746
NF1,0.0005019094380796509
