Index,Value
Ground Truth Communities,645.0
Identified Communities,16.0
Community Ratio,0.024806201550387597
Ground Truth Matched,0.006201550387596899
Node Coverage,0.05852674066599395
NF1,0.00020058139534883724
