Index,Value
Ground Truth Communities,676.0
Identified Communities,1.0
Community Ratio,0.0014792899408284023
Ground Truth Matched,0.0014792899408284023
Node Coverage,0.016129032258064516
NF1,0.0003698224852071006
