Index,Value
Ground Truth Communities,704.0
Identified Communities,5.0
Community Ratio,0.007102272727272727
Ground Truth Matched,0.002840909090909091
Node Coverage,0.021233569261880688
NF1,7.954545454545456e-05
