Index,Value
Ground Truth Communities,776.0
Identified Communities,6.0
Community Ratio,0.007731958762886598
Ground Truth Matched,0.007731958762886598
Node Coverage,0.02814070351758794
NF1,0.003469716494845361
