Index,Value
Ground Truth Communities,705.0
Identified Communities,16.0
Community Ratio,0.02269503546099291
Ground Truth Matched,0.0070921985815602835
Node Coverage,0.08796764408493428
NF1,0.0003282912234042553
