,F1 min,F1 max,F1 mean,F1 mode,F1 std
0,0.05,0.38,0.12400000000000003,0.05,0.12831211945876353
