Index,Value
Ground Truth Communities,729.0
Identified Communities,1.0
Community Ratio,0.0013717421124828531
Ground Truth Matched,0.0013717421124828531
Node Coverage,0.005025125628140704
NF1,0.00015089163237311384
