,F1 min,F1 max,F1 mean,F1 mode,F1 std
0,0.02,0.45,0.10625000000000001,0.03,0.13256484262427953
