Index,Value
Ground Truth Communities,9.0
Identified Communities,21.0
Community Ratio,2.3333333333333335
Ground Truth Matched,0.7777777777777778
Node Coverage,1.4428571428571428
NF1,0.24074074074074073
