Index,Value
Ground Truth Communities,677.0
Identified Communities,21.0
Community Ratio,0.0310192023633678
Ground Truth Matched,0.011816838995568686
Node Coverage,0.10181451612903226
NF1,0.0011104077278375653
