,F1 min,F1 max,F1 mean,F1 mode,F1 std
0,0.4,0.89,0.5828571428571429,0.4,0.14037849710329425
