Index,Value
Ground Truth Communities,11.0
Identified Communities,16.0
Community Ratio,1.4545454545454546
Ground Truth Matched,0.5454545454545454
Node Coverage,1.2985074626865671
NF1,0.15886363636363637
