,F1 min,F1 max,F1 mean,F1 mode,F1 std
0,0.02,0.86,0.200625,0.02,0.21672184794108784
