Index,Value
Ground Truth Communities,757.0
Identified Communities,8.0
Community Ratio,0.010568031704095112
Ground Truth Matched,0.01453104359313078
Node Coverage,0.05380710659898477
NF1,0.008341727212681638
