,F1 min,F1 max,F1 mean,F1 mode,F1 std
0,0.02,0.05,0.03200000000000001,0.02,0.0116619037896906
