,F1 min,F1 max,F1 mean,F1 mode,F1 std
0,0.01,0.86,0.14750000000000002,0.02,0.2334657362441007
