Index,Value
Ground Truth Communities,727.0
Identified Communities,6.0
Community Ratio,0.008253094910591471
Ground Truth Matched,0.002751031636863824
Node Coverage,0.02814070351758794
NF1,7.336084364970197e-05
