Index,Value
Ground Truth Communities,711.0
Identified Communities,5.0
Community Ratio,0.007032348804500703
Ground Truth Matched,0.007032348804500703
Node Coverage,0.021233569261880688
NF1,0.00170182841068917
