Index,Value
Ground Truth Communities,732.0
Identified Communities,1.0
Community Ratio,0.001366120218579235
Ground Truth Matched,0.001366120218579235
Node Coverage,0.005055611729019211
NF1,8.19672131147541e-05
