Index,Value
Ground Truth Communities,721.0
Identified Communities,8.0
Community Ratio,0.011095700416088766
Ground Truth Matched,0.004160887656033287
Node Coverage,0.05380710659898477
NF1,0.00023404993065187241
