Index,Value
Ground Truth Communities,731.0
Identified Communities,8.0
Community Ratio,0.01094391244870041
Ground Truth Matched,0.01094391244870041
Node Coverage,0.05380710659898477
NF1,0.004514363885088919
