,F1 min,F1 max,F1 mean,F1 mode,F1 std
0,0.5,1.0,0.8157142857142857,0.75,0.16273178132455018
