Index,Value
Ground Truth Communities,9.0
Identified Communities,1.0
Community Ratio,0.1111111111111111
Ground Truth Matched,0.1111111111111111
Node Coverage,0.22857142857142856
NF1,0.07777777777777777
