Index,Value
Ground Truth Communities,730.0
Identified Communities,1.0
Community Ratio,0.0013698630136986301
Ground Truth Matched,0.0013698630136986301
Node Coverage,0.005025125628140704
NF1,0.00027397260273972606
