Index,Value
Ground Truth Communities,714.0
Identified Communities,21.0
Community Ratio,0.029411764705882353
Ground Truth Matched,0.022408963585434174
Node Coverage,0.10181451612903226
NF1,0.007566663028847902
