Index,Value
Ground Truth Communities,720.0
Identified Communities,8.0
Community Ratio,0.011111111111111112
Ground Truth Matched,0.002777777777777778
Node Coverage,0.05380710659898477
NF1,7.378472222222224e-05
