Index,Value
Ground Truth Communities,675.0
Identified Communities,1.0
Community Ratio,0.0014814814814814814
Ground Truth Matched,0.0014814814814814814
Node Coverage,0.016129032258064516
NF1,0.00037037037037037035
