Index,Value
Ground Truth Communities,706.0
Identified Communities,16.0
Community Ratio,0.0226628895184136
Ground Truth Matched,0.0084985835694051
Node Coverage,0.08796764408493428
NF1,0.0005397928470254958
