Index,Value
Ground Truth Communities,721.0
Identified Communities,5.0
Community Ratio,0.006934812760055479
Ground Truth Matched,0.004160887656033287
Node Coverage,0.019289340101522844
NF1,0.00030957004160887656
