Index,Value
Ground Truth Communities,704.0
Identified Communities,1.0
Community Ratio,0.0014204545454545455
Ground Truth Matched,0.0014204545454545455
Node Coverage,0.005055611729019211
NF1,8.522727272727272e-05
