,F1 min,F1 max,F1 mean,F1 mode,F1 std
0,0.02,0.61,0.148125,0.03,0.17176360026210444
