Index,Value
Ground Truth Communities,683.0
Identified Communities,1.0
Community Ratio,0.0014641288433382138
Ground Truth Matched,0.0014641288433382138
Node Coverage,0.016129032258064516
NF1,0.0007027818448023426
