,F1 min,F1 max,F1 mean,F1 mode,F1 std
0,0.02,1.0,0.20857142857142857,0.04,0.26126588745103757
