Index,Value
Ground Truth Communities,723.0
Identified Communities,5.0
Community Ratio,0.006915629322268326
Ground Truth Matched,0.004149377593360996
Node Coverage,0.019289340101522844
NF1,0.00032365145228215774
