Index,Value
Ground Truth Communities,735.0
Identified Communities,1.0
Community Ratio,0.0013605442176870747
Ground Truth Matched,0.0013605442176870747
Node Coverage,0.005025125628140704
NF1,0.00038095238095238096
