,F1 min,F1 max,F1 mean,F1 mode,F1 std
0,0.01,0.38,0.08499999999999999,0.02,0.11527141883398503
