Index,Value
Ground Truth Communities,13.0
Identified Communities,21.0
Community Ratio,1.6153846153846154
Ground Truth Matched,0.5384615384615384
Node Coverage,1.4428571428571428
NF1,0.16538461538461538
