Index,Value
Ground Truth Communities,731.0
Identified Communities,6.0
Community Ratio,0.008207934336525308
Ground Truth Matched,0.004103967168262654
Node Coverage,0.02814070351758794
NF1,0.000420656634746922
