Index,Value
Ground Truth Communities,706.0
Identified Communities,1.0
Community Ratio,0.00141643059490085
Ground Truth Matched,0.00141643059490085
Node Coverage,0.005055611729019211
NF1,0.00033994334277620395
