Index,Value
Ground Truth Communities,673.0
Identified Communities,1.0
Community Ratio,0.0014858841010401188
Ground Truth Matched,0.0014858841010401188
Node Coverage,0.016129032258064516
NF1,0.00016344725111441306
