,F1 min,F1 max,F1 mean,F1 mode,F1 std
0,0.01,0.86,0.12937500000000002,0.02,0.23623263825094107
