,F1 min,F1 max,F1 mean,F1 mode,F1 std
0,0.06,0.38,0.13000000000000003,0.06,0.12521980673998823
