,F1 min,F1 max,F1 mean,F1 mode,F1 std
0,0.3,1.0,0.857142857143,1.0,0.23819045715
