Index,Value
Ground Truth Communities,703.0
Identified Communities,1.0
Community Ratio,0.001422475106685633
Ground Truth Matched,0.001422475106685633
Node Coverage,0.005055611729019211
NF1,8.534850640113798e-05
