Index,Value
Ground Truth Communities,13.0
Identified Communities,16.0
Community Ratio,1.2307692307692308
Ground Truth Matched,0.46153846153846156
Node Coverage,1.2985074626865671
NF1,0.1295192307692308
