Index,Value
Ground Truth Communities,674.0
Identified Communities,1.0
Community Ratio,0.001483679525222552
Ground Truth Matched,0.001483679525222552
Node Coverage,0.016129032258064516
NF1,0.000370919881305638
