,F1 min,F1 max,F1 mean,F1 mode,F1 std
0,0.04,1.0,0.44875000000000004,0.04,0.3582749467936602
