Index,Value
Ground Truth Communities,724.0
Identified Communities,8.0
Community Ratio,0.011049723756906077
Ground Truth Matched,0.006906077348066298
Node Coverage,0.05380710659898477
NF1,0.001133028314917127
