,F1 min,F1 max,F1 mean,F1 mode,F1 std
0,0.03,0.38,0.10000000000000002,0.03,0.13999999999999999
