,F1 min,F1 max,F1 mean,F1 mode,F1 std
0,0.06,0.49,0.24833333333333332,0.06,0.16159792352901348
