,F1 min,F1 max,F1 mean,F1 mode,F1 std
0,0.05,1.0,0.3238095238095238,0.15,0.27968479180398764
