,F1 min,F1 max,F1 mean,F1 mode,F1 std
0,0.16,0.79,0.41250000000000003,0.16,0.24190649019817556
