,F1 min,F1 max,F1 mean,F1 mode,F1 std
0,0.02,1.0,0.19190476190476188,0.04,0.2635042070255832
