Index,Value
Ground Truth Communities,706.0
Identified Communities,1.0
Community Ratio,0.00141643059490085
Ground Truth Matched,0.00141643059490085
Node Coverage,0.02106318956870612
NF1,0.000368271954674221
