Index,Value
Ground Truth Communities,776.0
Identified Communities,1.0
Community Ratio,0.001288659793814433
Ground Truth Matched,0.001288659793814433
Node Coverage,0.005025125628140704
NF1,0.0006829896907216495
