Index,Value
Ground Truth Communities,704.0
Identified Communities,16.0
Community Ratio,0.022727272727272728
Ground Truth Matched,0.005681818181818182
Node Coverage,0.08796764408493428
NF1,0.00016601562499999998
