Index,Value
Ground Truth Communities,707.0
Identified Communities,1.0
Community Ratio,0.0014144271570014145
Ground Truth Matched,0.0014144271570014145
Node Coverage,0.02106318956870612
NF1,0.00041018387553041016
