Index,Value
Ground Truth Communities,722.0
Identified Communities,5.0
Community Ratio,0.006925207756232687
Ground Truth Matched,0.004155124653739612
Node Coverage,0.019289340101522844
NF1,0.0003240997229916898
