Index,Value
Ground Truth Communities,11.0
Identified Communities,1.0
Community Ratio,0.09090909090909091
Ground Truth Matched,0.09090909090909091
Node Coverage,0.07462686567164178
NF1,0.045454545454545456
