,F1 min,F1 max,F1 mean,F1 mode,F1 std
0,0.5,1.0,0.7483333333333334,0.5,0.17487296976821648
