Index,Value
Ground Truth Communities,13.0
Identified Communities,1.0
Community Ratio,0.07692307692307693
Ground Truth Matched,0.07692307692307693
Node Coverage,0.07462686567164178
NF1,0.038461538461538464
