Index,Value
Ground Truth Communities,683.0
Identified Communities,21.0
Community Ratio,0.03074670571010249
Ground Truth Matched,0.016105417276720352
Node Coverage,0.10181451612903226
NF1,0.002731712499543497
