,F1 min,F1 max,F1 mean,F1 mode,F1 std
0,0.18,0.47,0.33399999999999996,0.18,0.1036532681587995
