Index,Value
Ground Truth Communities,711.0
Identified Communities,1.0
Community Ratio,0.0014064697609001407
Ground Truth Matched,0.0014064697609001407
Node Coverage,0.005055611729019211
NF1,0.0002953586497890295
