,F1 min,F1 max,F1 mean,F1 mode,F1 std
0,0.05,0.12,0.08499999999999999,0.05,0.034999999999999996
