Index,Value
Ground Truth Communities,720.0
Identified Communities,5.0
Community Ratio,0.006944444444444444
Ground Truth Matched,0.002777777777777778
Node Coverage,0.019289340101522844
NF1,0.00011111111111111113
