Index,Value
Ground Truth Communities,677.0
Identified Communities,1.0
Community Ratio,0.0014771048744460858
Ground Truth Matched,0.0014771048744460858
Node Coverage,0.016129032258064516
NF1,0.00045790251107828657
