,F1 min,F1 max,F1 mean,F1 mode,F1 std
0,0.5,0.89,0.6749999999999999,0.62,0.12148388096094616
