,F1 min,F1 max,F1 mean,F1 mode,F1 std
0,0.04,1.0,0.4431818181818181,0.1,0.289535464363119
