Index,Value
Ground Truth Communities,723.0
Identified Communities,8.0
Community Ratio,0.011065006915629323
Ground Truth Matched,0.005532503457814661
Node Coverage,0.05380710659898477
NF1,0.0005186721991701245
