,F1 min,F1 max,F1 mean,F1 mode,F1 std
0,0.01,1.0,0.1719047619047619,0.04,0.2707066422676039
