Index,Value
Ground Truth Communities,674.0
Identified Communities,2.0
Community Ratio,0.002967359050445104
Ground Truth Matched,0.001483679525222552
Node Coverage,0.010080645161290322
NF1,6.305637982195846e-05
