Index,Value
Ground Truth Communities,673.0
Identified Communities,21.0
Community Ratio,0.031203566121842496
Ground Truth Matched,0.005943536404160475
Node Coverage,0.10181451612903226
NF1,0.0001617288817458632
