,F1 min,F1 max,F1 mean,F1 mode,F1 std
0,0.01,1.0,0.14285714285714282,0.01,0.2708037922141251
