,F1 min,F1 max,F1 mean,F1 mode,F1 std
0,0.5,1.0,0.9214285714285715,1.0,0.1729102633844315
