Index,Value
Ground Truth Communities,3.0
Identified Communities,1.0
Community Ratio,0.3333333333333333
Ground Truth Matched,0.3333333333333333
Node Coverage,0.22727272727272727
NF1,0.22333333333333333
