Index,Value
Ground Truth Communities,674.0
Identified Communities,21.0
Community Ratio,0.03115727002967359
Ground Truth Matched,0.00741839762611276
Node Coverage,0.10181451612903226
NF1,0.00030363282800756304
