Index,Value
Ground Truth Communities,729.0
Identified Communities,6.0
Community Ratio,0.00823045267489712
Ground Truth Matched,0.00411522633744856
Node Coverage,0.02814070351758794
NF1,0.00028806584362139925
