Index,Value
Ground Truth Communities,676.0
Identified Communities,2.0
Community Ratio,0.0029585798816568047
Ground Truth Matched,0.0014792899408284023
Node Coverage,0.010080645161290322
NF1,6.28698224852071e-05
