Index,Value
Ground Truth Communities,648.0
Identified Communities,16.0
Community Ratio,0.024691358024691357
Ground Truth Matched,0.010802469135802469
Node Coverage,0.05852674066599395
NF1,0.000948169849537037
