,F1 min,F1 max,F1 mean,F1 mode,F1 std
0,0.01,0.35,0.063125,0.02,0.09392275749252679
