,F1 min,F1 max,F1 mean,F1 mode,F1 std
0,0.02,0.61,0.169375,0.11,0.1599401743621658
