Index,Value
Ground Truth Communities,13.0
Identified Communities,1.0
Community Ratio,0.07692307692307693
Ground Truth Matched,0.07692307692307693
Node Coverage,0.22857142857142856
NF1,0.05692307692307692
