Index,Value
Ground Truth Communities,728.0
Identified Communities,1.0
Community Ratio,0.0013736263736263737
Ground Truth Matched,0.0013736263736263737
Node Coverage,0.005025125628140704
NF1,0.0001510989010989011
