Index,Value
Ground Truth Communities,677.0
Identified Communities,2.0
Community Ratio,0.0029542097488921715
Ground Truth Matched,0.0014771048744460858
Node Coverage,0.010080645161290322
NF1,7.75480059084195e-05
