,F1 min,F1 max,F1 mean,F1 mode,F1 std
0,0.16,0.5,0.32999999999999996,0.16,0.12282391577259814
