,F1 min,F1 max,F1 mean,F1 mode,F1 std
0,0.18,0.4,0.29000000000000004,0.4,0.09208691546577072
