Index,Value
Ground Truth Communities,713.0
Identified Communities,1.0
Community Ratio,0.001402524544179523
Ground Truth Matched,0.001402524544179523
Node Coverage,0.02106318956870612
NF1,0.0007713884992987378
