,F1 min,F1 max,F1 mean,F1 mode,F1 std
0,0.02,0.2,0.08333333333333336,0.02,0.06315765107165473
