Index,Value
Ground Truth Communities,676.0
Identified Communities,16.0
Community Ratio,0.023668639053254437
Ground Truth Matched,0.013313609467455622
Node Coverage,0.05852674066599395
NF1,0.002532186113165681
