Index,Value
Ground Truth Communities,746.0
Identified Communities,1.0
Community Ratio,0.0013404825737265416
Ground Truth Matched,0.0013404825737265416
Node Coverage,0.02106318956870612
NF1,0.000549597855227882
