,F1 min,F1 max,F1 mean,F1 mode,F1 std
0,0.03,0.36,0.16666666666666666,0.03,0.10322575044801346
