Index,Value
Ground Truth Communities,11.0
Identified Communities,5.0
Community Ratio,0.45454545454545453
Ground Truth Matched,0.5454545454545454
Node Coverage,0.31343283582089554
NF1,0.35251948051948045
