Index,Value
Ground Truth Communities,675.0
Identified Communities,2.0
Community Ratio,0.002962962962962963
Ground Truth Matched,0.0014814814814814814
Node Coverage,0.010080645161290322
NF1,6.296296296296295e-05
