Index,Value
Ground Truth Communities,703.0
Identified Communities,1.0
Community Ratio,0.001422475106685633
Ground Truth Matched,0.001422475106685633
Node Coverage,0.02106318956870612
NF1,0.0002275960170697013
