Index,Value
Ground Truth Communities,731.0
Identified Communities,5.0
Community Ratio,0.006839945280437756
Ground Truth Matched,0.005471956224350205
Node Coverage,0.019289340101522844
NF1,0.0012694938440492476
