Index,Value
Ground Truth Communities,711.0
Identified Communities,16.0
Community Ratio,0.02250351617440225
Ground Truth Matched,0.012658227848101266
Node Coverage,0.08796764408493428
NF1,0.0016554588607594935
