Index,Value
Ground Truth Communities,673.0
Identified Communities,2.0
Community Ratio,0.0029717682020802376
Ground Truth Matched,0.0014858841010401188
Node Coverage,0.010080645161290322
NF1,2.600297176820208e-05
