Index,Value
Ground Truth Communities,735.0
Identified Communities,6.0
Community Ratio,0.00816326530612245
Ground Truth Matched,0.004081632653061225
Node Coverage,0.02814070351758794
NF1,0.0005068027210884354
