Index,Value
Ground Truth Communities,6.0
Identified Communities,1.0
Community Ratio,0.16666666666666666
Ground Truth Matched,0.16666666666666666
Node Coverage,0.22857142857142856
NF1,0.11666666666666665
