,F1 min,F1 max,F1 mean,F1 mode,F1 std
0,0.01,0.86,0.10437500000000001,0.02,0.22701786135676638
