Index,Value
Ground Truth Communities,727.0
Identified Communities,1.0
Community Ratio,0.001375515818431912
Ground Truth Matched,0.001375515818431912
Node Coverage,0.005025125628140704
NF1,0.00012379642365887208
