Index,Value
Ground Truth Communities,676.0
Identified Communities,21.0
Community Ratio,0.03106508875739645
Ground Truth Matched,0.010355029585798817
Node Coverage,0.10181451612903226
NF1,0.0007199211045364893
