,F1 min,F1 max,F1 mean,F1 mode,F1 std
0,0.11,0.86,0.30875,0.19,0.18791204724551325
