Index,Value
Ground Truth Communities,714.0
Identified Communities,2.0
Community Ratio,0.0028011204481792717
Ground Truth Matched,0.0014005602240896359
Node Coverage,0.010080645161290322
NF1,0.0001715686274509804
