,F1 min,F1 max,F1 mean,F1 mode,F1 std
0,0.01,0.38,0.11687499999999999,0.02,0.12892433585246812
