Index,Value
Ground Truth Communities,6.0
Identified Communities,2.0
Community Ratio,0.3333333333333333
Ground Truth Matched,0.16666666666666666
Node Coverage,0.14285714285714285
NF1,0.02291666666666667
