Index,Value
Ground Truth Communities,732.0
Identified Communities,16.0
Community Ratio,0.02185792349726776
Ground Truth Matched,0.009562841530054645
Node Coverage,0.08796764408493428
NF1,0.0007716681845780207
