,F1 min,F1 max,F1 mean,F1 mode,F1 std
0,0.02,0.6,0.18444444444444444,0.02,0.19709620387071616
