Index,Value
Ground Truth Communities,731.0
Identified Communities,1.0
Community Ratio,0.0013679890560875513
Ground Truth Matched,0.0013679890560875513
Node Coverage,0.005025125628140704
NF1,0.00027359781121751026
