Index,Value
Ground Truth Communities,757.0
Identified Communities,5.0
Community Ratio,0.0066050198150594455
Ground Truth Matched,0.009247027741083224
Node Coverage,0.019289340101522844
NF1,0.004272126816380449
