Index,Value
Ground Truth Communities,13.0
Identified Communities,5.0
Community Ratio,0.38461538461538464
Ground Truth Matched,0.46153846153846156
Node Coverage,0.31343283582089554
NF1,0.3228131868131868
