Index,Value
Ground Truth Communities,705.0
Identified Communities,5.0
Community Ratio,0.0070921985815602835
Ground Truth Matched,0.00425531914893617
Node Coverage,0.021233569261880688
NF1,0.0003012765957446808
