Index,Value
Ground Truth Communities,728.0
Identified Communities,6.0
Community Ratio,0.008241758241758242
Ground Truth Matched,0.0027472527472527475
Node Coverage,0.02814070351758794
NF1,7.631257631257634e-05
