Index,Value
Ground Truth Communities,730.0
Identified Communities,6.0
Community Ratio,0.00821917808219178
Ground Truth Matched,0.00410958904109589
Node Coverage,0.02814070351758794
NF1,0.0003424657534246575
