Index,Value
Ground Truth Communities,702.0
Identified Communities,5.0
Community Ratio,0.007122507122507123
Ground Truth Matched,0.0014245014245014246
Node Coverage,0.021233569261880688
NF1,9.116809116809118e-06
