,F1 min,F1 max,F1 mean,F1 mode,F1 std
0,0.03,1.0,0.24666666666666665,0.08,0.2704024044224835
