Index,Value
Ground Truth Communities,675.0
Identified Communities,21.0
Community Ratio,0.03111111111111111
Ground Truth Matched,0.008888888888888889
Node Coverage,0.10181451612903226
NF1,0.00048737717309145875
