Index,Value
Ground Truth Communities,706.0
Identified Communities,5.0
Community Ratio,0.007082152974504249
Ground Truth Matched,0.00424929178470255
Node Coverage,0.021233569261880688
NF1,0.00032634560906515586
