Index,Value
Ground Truth Communities,683.0
Identified Communities,2.0
Community Ratio,0.0029282576866764276
Ground Truth Matched,0.0014641288433382138
Node Coverage,0.010080645161290322
NF1,0.0001281112737920937
