Index,Value
Ground Truth Communities,702.0
Identified Communities,1.0
Community Ratio,0.0014245014245014246
Ground Truth Matched,0.0014245014245014246
Node Coverage,0.005055611729019211
NF1,5.6980056980056985e-05
