Index,Value
Ground Truth Communities,644.0
Identified Communities,16.0
Community Ratio,0.024844720496894408
Ground Truth Matched,0.004658385093167702
Node Coverage,0.05852674066599395
NF1,9.116605201863356e-05
