,F1 min,F1 max,F1 mean,F1 mode,F1 std
0,0.75,1.0,0.935714285714,1.0,0.102519286389
