,F1 min,F1 max,F1 mean,F1 mode,F1 std
0,0.04,0.59,0.23249999999999998,0.06,0.18219152011002046
