,F1 min,F1 max,F1 mean,F1 mode,F1 std
0,0.02,0.86,0.165625,0.03,0.22558171329919455
