Index,Value
Ground Truth Communities,13.0
Identified Communities,2.0
Community Ratio,0.15384615384615385
Ground Truth Matched,0.3076923076923077
Node Coverage,0.14285714285714285
NF1,0.20553846153846153
